loadId,relationshipType,fromDrniId,toDrniId,p2Create,p2CreateActivity,p3Create,p3CreateActivity,p2Latest,p3Latest,latest,drniId,internalPurpose,internalCreate,internalCreateActivity,isEndOfConnection,segmentNumber,seq
1000,HAS,100000,100001,,,,,TRUE,TRUE,2;3,200000,TRUE,TRUE,99999,,,
1001,HAS,100000,100002,,,,,TRUE,TRUE,2;3,200001,TRUE,TRUE,99999,,,
1002,HAS,100001,100003,,,,,TRUE,TRUE,2;3,200002,TRUE,TRUE,99999,,,
1003,HAS,100003,100004,,,,,TRUE,TRUE,2;3,200003,TRUE,TRUE,99999,,,
1004,HAS,100003,100005,,,,,TRUE,TRUE,2;3,200004,TRUE,TRUE,99999,,,
1005,HAS,100003,100006,,,,,TRUE,TRUE,2;3,200005,TRUE,TRUE,99999,,,
1006,HAS,100003,100007,,,,,TRUE,TRUE,2;3,200006,TRUE,TRUE,99999,,,
1007,HAS,100003,100008,,,,,TRUE,TRUE,2;3,200007,TRUE,TRUE,99999,,,
1008,HAS,100003,100009,,,,,TRUE,TRUE,2;3,200008,TRUE,TRUE,99999,,,
1009,HAS,100003,100010,,,,,TRUE,TRUE,2;3,200009,TRUE,TRUE,99999,,,
1010,HAS,100003,100011,,,,,TRUE,TRUE,2;3,200010,TRUE,TRUE,99999,,,
1011,HAS,100003,100012,,,,,TRUE,TRUE,2;3,200011,TRUE,TRUE,99999,,,
1012,HAS,100003,100013,,,,,TRUE,TRUE,2;3,200012,TRUE,TRUE,99999,,,
1013,HAS,100003,100014,,,,,TRUE,TRUE,2;3,200013,TRUE,TRUE,99999,,,
1014,HAS,100003,100015,,,,,TRUE,TRUE,2;3,200014,TRUE,TRUE,99999,,,
1015,HAS,100003,100016,,,,,TRUE,TRUE,2;3,200015,TRUE,TRUE,99999,,,
1016,HAS,100003,100017,,,,,TRUE,TRUE,2;3,200016,TRUE,TRUE,99999,,,
1017,HAS,100003,100018,,,,,TRUE,TRUE,2;3,200017,TRUE,TRUE,99999,,,
1018,HAS,100003,100019,,,,,TRUE,TRUE,2;3,200018,TRUE,TRUE,99999,,,
1019,HAS,100003,100020,,,,,TRUE,TRUE,2;3,200019,TRUE,TRUE,99999,,,
1020,HAS,100003,100021,,,,,TRUE,TRUE,2;3,200020,TRUE,TRUE,99999,,,
1021,HAS,100003,100022,,,,,TRUE,TRUE,2;3,200021,TRUE,TRUE,99999,,,
1022,HAS,100003,100023,,,,,TRUE,TRUE,2;3,200022,TRUE,TRUE,99999,,,
1023,HAS,100004,100024,,,,,TRUE,TRUE,2;3,200023,TRUE,TRUE,99999,,,
1024,HAS,100024,100025,,,,,TRUE,TRUE,2;3,200024,TRUE,TRUE,99999,,,
1025,HAS,100005,100026,,,,,TRUE,TRUE,2;3,200025,TRUE,TRUE,99999,,,
1026,HAS,100026,100027,,,,,TRUE,TRUE,2;3,200026,TRUE,TRUE,99999,,,
1027,HAS,100006,100028,,,,,TRUE,TRUE,2;3,200027,TRUE,TRUE,99999,,,
1028,HAS,100028,100029,,,,,TRUE,TRUE,2;3,200028,TRUE,TRUE,99999,,,
1029,HAS,100007,100030,,,,,TRUE,TRUE,2;3,200029,TRUE,TRUE,99999,,,
1030,HAS,100030,100031,,,,,TRUE,TRUE,2;3,200030,TRUE,TRUE,99999,,,
1031,HAS,100032,100033,,,,,TRUE,TRUE,2;3,200031,TRUE,TRUE,99999,,,
1032,HAS,100032,100034,,,,,TRUE,TRUE,2;3,200032,TRUE,TRUE,99999,,,
1033,HAS,100033,100035,,,,,TRUE,TRUE,2;3,200033,TRUE,TRUE,99999,,,
1034,HAS,100035,100036,,,,,TRUE,TRUE,2;3,200034,TRUE,TRUE,99999,,,
1035,HAS,100035,100037,,,,,TRUE,TRUE,2;3,200035,TRUE,TRUE,99999,,,
1036,HAS,100035,100038,,,,,TRUE,TRUE,2;3,200036,TRUE,TRUE,99999,,,
1037,HAS,100035,100039,,,,,TRUE,TRUE,2;3,200037,TRUE,TRUE,99999,,,
1038,HAS,100035,100040,,,,,TRUE,TRUE,2;3,200038,TRUE,TRUE,99999,,,
1039,HAS,100035,100041,,,,,TRUE,TRUE,2;3,200039,TRUE,TRUE,99999,,,
1040,HAS,100035,100042,,,,,TRUE,TRUE,2;3,200040,TRUE,TRUE,99999,,,
1041,HAS,100035,100043,,,,,TRUE,TRUE,2;3,200041,TRUE,TRUE,99999,,,
1042,HAS,100035,100044,,,,,TRUE,TRUE,2;3,200042,TRUE,TRUE,99999,,,
1043,HAS,100035,100045,,,,,TRUE,TRUE,2;3,200043,TRUE,TRUE,99999,,,
1044,HAS,100035,100046,,,,,TRUE,TRUE,2;3,200044,TRUE,TRUE,99999,,,
1045,HAS,100035,100047,,,,,TRUE,TRUE,2;3,200045,TRUE,TRUE,99999,,,
1046,HAS,100035,100048,,,,,TRUE,TRUE,2;3,200046,TRUE,TRUE,99999,,,
1047,HAS,100035,100049,,,,,TRUE,TRUE,2;3,200047,TRUE,TRUE,99999,,,
1048,HAS,100035,100050,,,,,TRUE,TRUE,2;3,200048,TRUE,TRUE,99999,,,
1049,HAS,100035,100051,,,,,TRUE,TRUE,2;3,200049,TRUE,TRUE,99999,,,
1050,HAS,100035,100052,,,,,TRUE,TRUE,2;3,200050,TRUE,TRUE,99999,,,
1051,HAS,100035,100053,,,,,TRUE,TRUE,2;3,200051,TRUE,TRUE,99999,,,
1052,HAS,100035,100054,,,,,TRUE,TRUE,2;3,200052,TRUE,TRUE,99999,,,
1053,HAS,100035,100055,,,,,TRUE,TRUE,2;3,200053,TRUE,TRUE,99999,,,
1054,HAS,100036,100056,,,,,TRUE,TRUE,2;3,200054,TRUE,TRUE,99999,,,
1055,HAS,100056,100057,,,,,TRUE,TRUE,2;3,200055,TRUE,TRUE,99999,,,
1056,HAS,100037,100058,,,,,TRUE,TRUE,2;3,200056,TRUE,TRUE,99999,,,
1057,HAS,100058,100059,,,,,TRUE,TRUE,2;3,200057,TRUE,TRUE,99999,,,
1058,HAS,100038,100060,,,,,TRUE,TRUE,2;3,200058,TRUE,TRUE,99999,,,
1059,HAS,100060,100061,,,,,TRUE,TRUE,2;3,200059,TRUE,TRUE,99999,,,
1060,HAS,100039,100062,,,,,TRUE,TRUE,2;3,200060,TRUE,TRUE,99999,,,
1061,HAS,100062,100063,,,,,TRUE,TRUE,2;3,200061,TRUE,TRUE,99999,,,
1062,HAS,100064,100065,,,,,TRUE,TRUE,2;3,200062,TRUE,TRUE,99999,,,
1063,HAS,100064,100066,,,,,TRUE,TRUE,2;3,200063,TRUE,TRUE,99999,,,
1064,HAS,100065,100067,,,,,TRUE,TRUE,2;3,200064,TRUE,TRUE,99999,,,
1065,HAS,100067,100068,,,,,TRUE,TRUE,2;3,200065,TRUE,TRUE,99999,,,
1066,HAS,100067,100069,,,,,TRUE,TRUE,2;3,200066,TRUE,TRUE,99999,,,
1067,HAS,100067,100070,,,,,TRUE,TRUE,2;3,200067,TRUE,TRUE,99999,,,
1068,HAS,100067,100071,,,,,TRUE,TRUE,2;3,200068,TRUE,TRUE,99999,,,
1069,HAS,100067,100072,,,,,TRUE,TRUE,2;3,200069,TRUE,TRUE,99999,,,
1070,HAS,100067,100073,,,,,TRUE,TRUE,2;3,200070,TRUE,TRUE,99999,,,
1071,HAS,100067,100074,,,,,TRUE,TRUE,2;3,200071,TRUE,TRUE,99999,,,
1072,HAS,100067,100075,,,,,TRUE,TRUE,2;3,200072,TRUE,TRUE,99999,,,
1073,HAS,100067,100076,,,,,TRUE,TRUE,2;3,200073,TRUE,TRUE,99999,,,
1074,HAS,100067,100077,,,,,TRUE,TRUE,2;3,200074,TRUE,TRUE,99999,,,
1075,HAS,100067,100078,,,,,TRUE,TRUE,2;3,200075,TRUE,TRUE,99999,,,
1076,HAS,100067,100079,,,,,TRUE,TRUE,2;3,200076,TRUE,TRUE,99999,,,
1077,HAS,100067,100080,,,,,TRUE,TRUE,2;3,200077,TRUE,TRUE,99999,,,
1078,HAS,100067,100081,,,,,TRUE,TRUE,2;3,200078,TRUE,TRUE,99999,,,
1079,HAS,100067,100082,,,,,TRUE,TRUE,2;3,200079,TRUE,TRUE,99999,,,
1080,HAS,100067,100083,,,,,TRUE,TRUE,2;3,200080,TRUE,TRUE,99999,,,
1081,HAS,100067,100084,,,,,TRUE,TRUE,2;3,200081,TRUE,TRUE,99999,,,
1082,HAS,100067,100085,,,,,TRUE,TRUE,2;3,200082,TRUE,TRUE,99999,,,
1083,HAS,100067,100086,,,,,TRUE,TRUE,2;3,200083,TRUE,TRUE,99999,,,
1084,HAS,100067,100087,,,,,TRUE,TRUE,2;3,200084,TRUE,TRUE,99999,,,
1085,HAS,100068,100088,,,,,TRUE,TRUE,2;3,200085,TRUE,TRUE,99999,,,
1086,HAS,100088,100089,,,,,TRUE,TRUE,2;3,200086,TRUE,TRUE,99999,,,
1087,HAS,100069,100090,,,,,TRUE,TRUE,2;3,200087,TRUE,TRUE,99999,,,
1088,HAS,100090,100091,,,,,TRUE,TRUE,2;3,200088,TRUE,TRUE,99999,,,
1089,HAS,100070,100092,,,,,TRUE,TRUE,2;3,200089,TRUE,TRUE,99999,,,
1090,HAS,100092,100093,,,,,TRUE,TRUE,2;3,200090,TRUE,TRUE,99999,,,
1091,HAS,100071,100094,,,,,TRUE,TRUE,2;3,200091,TRUE,TRUE,99999,,,
1092,HAS,100094,100095,,,,,TRUE,TRUE,2;3,200092,TRUE,TRUE,99999,,,
1093,HAS,100096,100097,,,,,TRUE,TRUE,2;3,200093,TRUE,TRUE,99999,,,
1094,HAS,100096,100098,,,,,TRUE,TRUE,2;3,200094,TRUE,TRUE,99999,,,
1095,HAS,100097,100099,,,,,TRUE,TRUE,2;3,200095,TRUE,TRUE,99999,,,
1096,HAS,100099,100100,,,,,TRUE,TRUE,2;3,200096,TRUE,TRUE,99999,,,
1097,HAS,100099,100101,,,,,TRUE,TRUE,2;3,200097,TRUE,TRUE,99999,,,
1098,HAS,100099,100102,,,,,TRUE,TRUE,2;3,200098,TRUE,TRUE,99999,,,
1099,HAS,100099,100103,,,,,TRUE,TRUE,2;3,200099,TRUE,TRUE,99999,,,
1100,HAS,100099,100104,,,,,TRUE,TRUE,2;3,200100,TRUE,TRUE,99999,,,
1101,HAS,100099,100105,,,,,TRUE,TRUE,2;3,200101,TRUE,TRUE,99999,,,
1102,HAS,100099,100106,,,,,TRUE,TRUE,2;3,200102,TRUE,TRUE,99999,,,
1103,HAS,100099,100107,,,,,TRUE,TRUE,2;3,200103,TRUE,TRUE,99999,,,
1104,HAS,100099,100108,,,,,TRUE,TRUE,2;3,200104,TRUE,TRUE,99999,,,
1105,HAS,100099,100109,,,,,TRUE,TRUE,2;3,200105,TRUE,TRUE,99999,,,
1106,HAS,100099,100110,,,,,TRUE,TRUE,2;3,200106,TRUE,TRUE,99999,,,
1107,HAS,100099,100111,,,,,TRUE,TRUE,2;3,200107,TRUE,TRUE,99999,,,
1108,HAS,100099,100112,,,,,TRUE,TRUE,2;3,200108,TRUE,TRUE,99999,,,
1109,HAS,100099,100113,,,,,TRUE,TRUE,2;3,200109,TRUE,TRUE,99999,,,
1110,HAS,100099,100114,,,,,TRUE,TRUE,2;3,200110,TRUE,TRUE,99999,,,
1111,HAS,100099,100115,,,,,TRUE,TRUE,2;3,200111,TRUE,TRUE,99999,,,
1112,HAS,100099,100116,,,,,TRUE,TRUE,2;3,200112,TRUE,TRUE,99999,,,
1113,HAS,100099,100117,,,,,TRUE,TRUE,2;3,200113,TRUE,TRUE,99999,,,
1114,HAS,100099,100118,,,,,TRUE,TRUE,2;3,200114,TRUE,TRUE,99999,,,
1115,HAS,100099,100119,,,,,TRUE,TRUE,2;3,200115,TRUE,TRUE,99999,,,
1116,HAS,100100,100120,,,,,TRUE,TRUE,2;3,200116,TRUE,TRUE,99999,,,
1117,HAS,100120,100121,,,,,TRUE,TRUE,2;3,200117,TRUE,TRUE,99999,,,
1118,HAS,100101,100122,,,,,TRUE,TRUE,2;3,200118,TRUE,TRUE,99999,,,
1119,HAS,100122,100123,,,,,TRUE,TRUE,2;3,200119,TRUE,TRUE,99999,,,
1120,HAS,100102,100124,,,,,TRUE,TRUE,2;3,200120,TRUE,TRUE,99999,,,
1121,HAS,100124,100125,,,,,TRUE,TRUE,2;3,200121,TRUE,TRUE,99999,,,
1122,HAS,100103,100126,,,,,TRUE,TRUE,2;3,200122,TRUE,TRUE,99999,,,
1123,HAS,100126,100127,,,,,TRUE,TRUE,2;3,200123,TRUE,TRUE,99999,,,
1124,HAS,100128,100129,,,,,TRUE,TRUE,2;3,200124,TRUE,TRUE,99999,,,
1125,HAS,100128,100130,,,,,TRUE,TRUE,2;3,200125,TRUE,TRUE,99999,,,
1126,HAS,100129,100131,1525176000,99999,1525176000,99999,TRUE,TRUE,2;3,200126,,,,,,
1127,HAS,100131,100132,,,,,TRUE,TRUE,2;3,200127,TRUE,TRUE,99999,,,
1128,HAS,100131,100133,,,,,TRUE,TRUE,2;3,200128,TRUE,TRUE,99999,,,
1129,HAS,100131,100134,,,,,TRUE,TRUE,2;3,200129,TRUE,TRUE,99999,,,
1130,HAS,100131,100135,,,,,TRUE,TRUE,2;3,200130,TRUE,TRUE,99999,,,
1131,HAS,100131,100136,,,,,TRUE,TRUE,2;3,200131,TRUE,TRUE,99999,,,
1132,HAS,100131,100137,,,,,TRUE,TRUE,2;3,200132,TRUE,TRUE,99999,,,
1133,HAS,100131,100138,,,,,TRUE,TRUE,2;3,200133,TRUE,TRUE,99999,,,
1134,HAS,100131,100139,,,,,TRUE,TRUE,2;3,200134,TRUE,TRUE,99999,,,
1135,HAS,100131,100140,,,,,TRUE,TRUE,2;3,200135,TRUE,TRUE,99999,,,
1136,HAS,100131,100141,,,,,TRUE,TRUE,2;3,200136,TRUE,TRUE,99999,,,
1137,HAS,100131,100142,,,,,TRUE,TRUE,2;3,200137,TRUE,TRUE,99999,,,
1138,HAS,100131,100143,,,,,TRUE,TRUE,2;3,200138,TRUE,TRUE,99999,,,
1139,HAS,100131,100144,,,,,TRUE,TRUE,2;3,200139,TRUE,TRUE,99999,,,
1140,HAS,100131,100145,,,,,TRUE,TRUE,2;3,200140,TRUE,TRUE,99999,,,
1141,HAS,100131,100146,,,,,TRUE,TRUE,2;3,200141,TRUE,TRUE,99999,,,
1142,HAS,100131,100147,,,,,TRUE,TRUE,2;3,200142,TRUE,TRUE,99999,,,
1143,HAS,100131,100148,,,,,TRUE,TRUE,2;3,200143,TRUE,TRUE,99999,,,
1144,HAS,100131,100149,,,,,TRUE,TRUE,2;3,200144,TRUE,TRUE,99999,,,
1145,HAS,100131,100150,,,,,TRUE,TRUE,2;3,200145,TRUE,TRUE,99999,,,
1146,HAS,100131,100151,,,,,TRUE,TRUE,2;3,200146,TRUE,TRUE,99999,,,
1147,HAS,100133,100152,1525176000,99999,1525176000,99999,TRUE,TRUE,2;3,200147,,,,,,
1148,HAS,100152,100153,,,,,TRUE,TRUE,2;3,200148,TRUE,TRUE,99999,,,
1149,HAS,100136,100154,1525176000,99999,1525176000,99999,TRUE,TRUE,2;3,200149,,,,,,
1150,HAS,100154,100155,,,,,TRUE,TRUE,2;3,200150,TRUE,TRUE,99999,,,
1151,HAS,100156,100157,,,,,TRUE,TRUE,2;3,200151,TRUE,TRUE,99999,,,
1152,HAS,100156,100158,,,,,TRUE,TRUE,2;3,200152,TRUE,TRUE,99999,,,
1153,HAS,100157,100159,1525176000,99999,1525176000,99999,TRUE,TRUE,2;3,200153,,,,,,
1154,HAS,100159,100160,,,,,TRUE,TRUE,2;3,200154,TRUE,TRUE,99999,,,
1155,HAS,100159,100161,,,,,TRUE,TRUE,2;3,200155,TRUE,TRUE,99999,,,
1156,HAS,100159,100162,,,,,TRUE,TRUE,2;3,200156,TRUE,TRUE,99999,,,
1157,HAS,100159,100163,,,,,TRUE,TRUE,2;3,200157,TRUE,TRUE,99999,,,
1158,HAS,100159,100164,,,,,TRUE,TRUE,2;3,200158,TRUE,TRUE,99999,,,
1159,HAS,100159,100165,,,,,TRUE,TRUE,2;3,200159,TRUE,TRUE,99999,,,
1160,HAS,100159,100166,,,,,TRUE,TRUE,2;3,200160,TRUE,TRUE,99999,,,
1161,HAS,100159,100167,,,,,TRUE,TRUE,2;3,200161,TRUE,TRUE,99999,,,
1162,HAS,100159,100168,,,,,TRUE,TRUE,2;3,200162,TRUE,TRUE,99999,,,
1163,HAS,100159,100169,,,,,TRUE,TRUE,2;3,200163,TRUE,TRUE,99999,,,
1164,HAS,100159,100170,,,,,TRUE,TRUE,2;3,200164,TRUE,TRUE,99999,,,
1165,HAS,100159,100171,,,,,TRUE,TRUE,2;3,200165,TRUE,TRUE,99999,,,
1166,HAS,100159,100172,,,,,TRUE,TRUE,2;3,200166,TRUE,TRUE,99999,,,
1167,HAS,100159,100173,,,,,TRUE,TRUE,2;3,200167,TRUE,TRUE,99999,,,
1168,HAS,100159,100174,,,,,TRUE,TRUE,2;3,200168,TRUE,TRUE,99999,,,
1169,HAS,100159,100175,,,,,TRUE,TRUE,2;3,200169,TRUE,TRUE,99999,,,
1170,HAS,100159,100176,,,,,TRUE,TRUE,2;3,200170,TRUE,TRUE,99999,,,
1171,HAS,100159,100177,,,,,TRUE,TRUE,2;3,200171,TRUE,TRUE,99999,,,
1172,HAS,100159,100178,,,,,TRUE,TRUE,2;3,200172,TRUE,TRUE,99999,,,
1173,HAS,100159,100179,,,,,TRUE,TRUE,2;3,200173,TRUE,TRUE,99999,,,
1174,HAS,100161,100180,1525176000,99999,1525176000,99999,TRUE,TRUE,2;3,200174,,,,,,
1175,HAS,100180,100181,,,,,TRUE,TRUE,2;3,200175,TRUE,TRUE,99999,,,
1176,HAS,100165,100182,1525176000,99999,1525176000,99999,TRUE,TRUE,2;3,200176,,,,,,
1177,HAS,100182,100183,,,,,TRUE,TRUE,2;3,200177,TRUE,TRUE,99999,,,
1178,HAS,100184,100185,,,,,TRUE,TRUE,2;3,200178,TRUE,TRUE,99999,,,
1179,HAS,100184,100186,,,,,TRUE,TRUE,2;3,200179,TRUE,TRUE,99999,,,
1180,HAS,100185,100187,1525176000,99999,1525176000,99999,TRUE,TRUE,2;3,200180,,,,,,
1181,HAS,100187,100188,,,,,TRUE,TRUE,2;3,200181,TRUE,TRUE,99999,,,
1182,HAS,100187,100189,,,,,TRUE,TRUE,2;3,200182,TRUE,TRUE,99999,,,
1183,HAS,100187,100190,,,,,TRUE,TRUE,2;3,200183,TRUE,TRUE,99999,,,
1184,HAS,100187,100191,,,,,TRUE,TRUE,2;3,200184,TRUE,TRUE,99999,,,
1185,HAS,100187,100192,,,,,TRUE,TRUE,2;3,200185,TRUE,TRUE,99999,,,
1186,HAS,100187,100193,,,,,TRUE,TRUE,2;3,200186,TRUE,TRUE,99999,,,
1187,HAS,100187,100194,,,,,TRUE,TRUE,2;3,200187,TRUE,TRUE,99999,,,
1188,HAS,100187,100195,,,,,TRUE,TRUE,2;3,200188,TRUE,TRUE,99999,,,
1189,HAS,100187,100196,,,,,TRUE,TRUE,2;3,200189,TRUE,TRUE,99999,,,
1190,HAS,100187,100197,,,,,TRUE,TRUE,2;3,200190,TRUE,TRUE,99999,,,
1191,HAS,100187,100198,,,,,TRUE,TRUE,2;3,200191,TRUE,TRUE,99999,,,
1192,HAS,100187,100199,,,,,TRUE,TRUE,2;3,200192,TRUE,TRUE,99999,,,
1193,HAS,100187,100200,,,,,TRUE,TRUE,2;3,200193,TRUE,TRUE,99999,,,
1194,HAS,100187,100201,,,,,TRUE,TRUE,2;3,200194,TRUE,TRUE,99999,,,
1195,HAS,100187,100202,,,,,TRUE,TRUE,2;3,200195,TRUE,TRUE,99999,,,
1196,HAS,100187,100203,,,,,TRUE,TRUE,2;3,200196,TRUE,TRUE,99999,,,
1197,HAS,100187,100204,,,,,TRUE,TRUE,2;3,200197,TRUE,TRUE,99999,,,
1198,HAS,100187,100205,,,,,TRUE,TRUE,2;3,200198,TRUE,TRUE,99999,,,
1199,HAS,100187,100206,,,,,TRUE,TRUE,2;3,200199,TRUE,TRUE,99999,,,
1200,HAS,100187,100207,,,,,TRUE,TRUE,2;3,200200,TRUE,TRUE,99999,,,
1201,HAS,100190,100208,1525176000,99999,1525176000,99999,TRUE,TRUE,2;3,200201,,,,,,
1202,HAS,100208,100209,,,,,TRUE,TRUE,2;3,200202,TRUE,TRUE,99999,,,
1203,HAS,100194,100210,1525176000,99999,1525176000,99999,TRUE,TRUE,2;3,200203,,,,,,
1204,HAS,100210,100211,,,,,TRUE,TRUE,2;3,200204,TRUE,TRUE,99999,,,
1205,HAS,100212,100213,,,,,TRUE,TRUE,2;3,200205,TRUE,TRUE,99999,,,
1206,HAS,100212,100214,,,,,TRUE,TRUE,2;3,200206,TRUE,TRUE,99999,,,
1207,HAS,100213,100215,1525176000,99999,1525176000,99999,TRUE,TRUE,2;3,200207,,,,,,
1208,HAS,100215,100216,,,,,TRUE,TRUE,2;3,200208,TRUE,TRUE,99999,,,
1209,HAS,100215,100217,,,,,TRUE,TRUE,2;3,200209,TRUE,TRUE,99999,,,
1210,HAS,100215,100218,,,,,TRUE,TRUE,2;3,200210,TRUE,TRUE,99999,,,
1211,HAS,100215,100219,,,,,TRUE,TRUE,2;3,200211,TRUE,TRUE,99999,,,
1212,HAS,100215,100220,,,,,TRUE,TRUE,2;3,200212,TRUE,TRUE,99999,,,
1213,HAS,100215,100221,,,,,TRUE,TRUE,2;3,200213,TRUE,TRUE,99999,,,
1214,HAS,100215,100222,,,,,TRUE,TRUE,2;3,200214,TRUE,TRUE,99999,,,
1215,HAS,100215,100223,,,,,TRUE,TRUE,2;3,200215,TRUE,TRUE,99999,,,
1216,HAS,100215,100224,,,,,TRUE,TRUE,2;3,200216,TRUE,TRUE,99999,,,
1217,HAS,100215,100225,,,,,TRUE,TRUE,2;3,200217,TRUE,TRUE,99999,,,
1218,HAS,100215,100226,,,,,TRUE,TRUE,2;3,200218,TRUE,TRUE,99999,,,
1219,HAS,100215,100227,,,,,TRUE,TRUE,2;3,200219,TRUE,TRUE,99999,,,
1220,HAS,100215,100228,,,,,TRUE,TRUE,2;3,200220,TRUE,TRUE,99999,,,
1221,HAS,100215,100229,,,,,TRUE,TRUE,2;3,200221,TRUE,TRUE,99999,,,
1222,HAS,100215,100230,,,,,TRUE,TRUE,2;3,200222,TRUE,TRUE,99999,,,
1223,HAS,100215,100231,,,,,TRUE,TRUE,2;3,200223,TRUE,TRUE,99999,,,
1224,HAS,100215,100232,,,,,TRUE,TRUE,2;3,200224,TRUE,TRUE,99999,,,
1225,HAS,100215,100233,,,,,TRUE,TRUE,2;3,200225,TRUE,TRUE,99999,,,
1226,HAS,100215,100234,,,,,TRUE,TRUE,2;3,200226,TRUE,TRUE,99999,,,
1227,HAS,100215,100235,,,,,TRUE,TRUE,2;3,200227,TRUE,TRUE,99999,,,
1228,HAS,100219,100236,1525176000,99999,1525176000,99999,TRUE,TRUE,2;3,200228,,,,,,
1229,HAS,100236,100237,,,,,TRUE,TRUE,2;3,200229,TRUE,TRUE,99999,,,
1230,HAS,100223,100238,1525176000,99999,1525176000,99999,TRUE,TRUE,2;3,200230,,,,,,
1231,HAS,100238,100239,,,,,TRUE,TRUE,2;3,200231,TRUE,TRUE,99999,,,
1232,PRESENTS,100025,100240,1525176000,99999,1525176000,99999,TRUE,TRUE,2;3,200232,,,,,,
1233,PRESENTS,100027,100241,1525176000,99999,1525176000,99999,TRUE,TRUE,2;3,200233,,,,,,
1234,PRESENTS,100029,100242,1525176000,99999,1525176000,99999,TRUE,TRUE,2;3,200234,,,,,,
1235,PRESENTS,100031,100243,1525176000,99999,1525176000,99999,TRUE,TRUE,2;3,200235,,,,,,
1236,PRESENTS,100057,100244,1525176000,99999,1525176000,99999,TRUE,TRUE,2;3,200236,,,,,,
1237,PRESENTS,100059,100245,1525176000,99999,1525176000,99999,TRUE,TRUE,2;3,200237,,,,,,
1238,PRESENTS,100061,100246,1525176000,99999,1525176000,99999,TRUE,TRUE,2;3,200238,,,,,,
1239,PRESENTS,100063,100247,1525176000,99999,1525176000,99999,TRUE,TRUE,2;3,200239,,,,,,
1240,PRESENTS,100089,100248,1525176000,99999,1525176000,99999,TRUE,TRUE,2;3,200240,,,,,,
1241,PRESENTS,100091,100249,1525176000,99999,1525176000,99999,TRUE,TRUE,2;3,200241,,,,,,
1242,PRESENTS,100093,100250,1525176000,99999,1525176000,99999,TRUE,TRUE,2;3,200242,,,,,,
1243,PRESENTS,100095,100251,1525176000,99999,1525176000,99999,TRUE,TRUE,2;3,200243,,,,,,
1244,PRESENTS,100121,100252,1525176000,99999,1525176000,99999,TRUE,TRUE,2;3,200244,,,,,,
1245,PRESENTS,100123,100253,1525176000,99999,1525176000,99999,TRUE,TRUE,2;3,200245,,,,,,
1246,PRESENTS,100125,100254,1525176000,99999,1525176000,99999,TRUE,TRUE,2;3,200246,,,,,,
1247,PRESENTS,100127,100255,1525176000,99999,1525176000,99999,TRUE,TRUE,2;3,200247,,,,,,
1248,PRESENTS,100153,100256,1525176000,99999,1525176000,99999,TRUE,TRUE,2;3,200248,,,,,,
1249,PRESENTS,100155,100257,1525176000,99999,1525176000,99999,TRUE,TRUE,2;3,200249,,,,,,
1250,PRESENTS,100181,100258,1525176000,99999,1525176000,99999,TRUE,TRUE,2;3,200250,,,,,,
1251,PRESENTS,100183,100259,1525176000,99999,1525176000,99999,TRUE,TRUE,2;3,200251,,,,,,
1252,PRESENTS,100209,100260,1525176000,99999,1525176000,99999,TRUE,TRUE,2;3,200252,,,,,,
1253,PRESENTS,100211,100261,1525176000,99999,1525176000,99999,TRUE,TRUE,2;3,200253,,,,,,
1254,PRESENTS,100237,100262,1525176000,99999,1525176000,99999,TRUE,TRUE,2;3,200254,,,,,,
1255,PRESENTS,100239,100263,1525176000,99999,1525176000,99999,TRUE,TRUE,2;3,200255,,,,,,
1256,HAS_CONNECTION_COMPONENT,100264,100025,1525176000,99999,1525176000,99999,TRUE,TRUE,2;3,200256,,,,TRUE,1,1
1257,HAS_CONNECTION_COMPONENT,100264,100240,1525176000,99999,1525176000,99999,TRUE,TRUE,2;3,200257,,,,,1,2
1258,HAS_CONNECTION_COMPONENT,100264,100256,1525176000,99999,1525176000,99999,TRUE,TRUE,2;3,200258,,,,,1,3
1259,HAS_CONNECTION_COMPONENT,100264,100153,1525176000,99999,1525176000,99999,TRUE,TRUE,2;3,200259,,,,TRUE,1,4
1260,HAS_CONNECTION_COMPONENT,100265,100059,1525176000,99999,1525176000,99999,TRUE,TRUE,2;3,200260,,,,TRUE,1,1
1261,HAS_CONNECTION_COMPONENT,100265,100245,1525176000,99999,1525176000,99999,TRUE,TRUE,2;3,200261,,,,,1,2
1262,HAS_CONNECTION_COMPONENT,100265,100258,1525176000,99999,1525176000,99999,TRUE,TRUE,2;3,200262,,,,,1,3
1263,HAS_CONNECTION_COMPONENT,100265,100181,1525176000,99999,1525176000,99999,TRUE,TRUE,2;3,200263,,,,TRUE,1,4
1264,HAS_CONNECTION_COMPONENT,100266,100093,1525176000,99999,1525176000,99999,TRUE,TRUE,2;3,200264,,,,TRUE,1,1
1265,HAS_CONNECTION_COMPONENT,100266,100250,1525176000,99999,1525176000,99999,TRUE,TRUE,2;3,200265,,,,,1,2
1266,HAS_CONNECTION_COMPONENT,100266,100260,1525176000,99999,1525176000,99999,TRUE,TRUE,2;3,200266,,,,,1,3
1267,HAS_CONNECTION_COMPONENT,100266,100209,1525176000,99999,1525176000,99999,TRUE,TRUE,2;3,200267,,,,TRUE,1,4
1268,HAS_CONNECTION_COMPONENT,100267,100127,1525176000,99999,1525176000,99999,TRUE,TRUE,2;3,200268,,,,TRUE,1,1
1269,HAS_CONNECTION_COMPONENT,100267,100255,1525176000,99999,1525176000,99999,TRUE,TRUE,2;3,200269,,,,,1,2
1270,HAS_CONNECTION_COMPONENT,100267,100262,1525176000,99999,1525176000,99999,TRUE,TRUE,2;3,200270,,,,,1,3
1271,HAS_CONNECTION_COMPONENT,100267,100237,1525176000,99999,1525176000,99999,TRUE,TRUE,2;3,200271,,,,TRUE,1,4
1272,HAS_CONNECTION_COMPONENT,100268,100027,1525176000,99999,1525176000,99999,TRUE,TRUE,2;3,200272,,,,TRUE,1,1
1273,HAS_CONNECTION_COMPONENT,100268,100241,1525176000,99999,1525176000,99999,TRUE,TRUE,2;3,200273,,,,,1,2
1274,HAS_CONNECTION_COMPONENT,100268,100244,1525176000,99999,1525176000,99999,TRUE,TRUE,2;3,200274,,,,,1,3
1275,HAS_CONNECTION_COMPONENT,100268,100057,1525176000,99999,1525176000,99999,TRUE,TRUE,2;3,200275,,,,TRUE,1,4
1276,HAS_CONNECTION_COMPONENT,100269,100029,1525176000,99999,1525176000,99999,TRUE,TRUE,2;3,200276,,,,TRUE,1,1
1277,HAS_CONNECTION_COMPONENT,100269,100242,1525176000,99999,1525176000,99999,TRUE,TRUE,2;3,200277,,,,,1,2
1278,HAS_CONNECTION_COMPONENT,100269,100248,1525176000,99999,1525176000,99999,TRUE,TRUE,2;3,200278,,,,,1,3
1279,HAS_CONNECTION_COMPONENT,100269,100089,1525176000,99999,1525176000,99999,TRUE,TRUE,2;3,200279,,,,TRUE,1,4
1280,HAS_CONNECTION_COMPONENT,100270,100031,1525176000,99999,1525176000,99999,TRUE,TRUE,2;3,200280,,,,TRUE,1,1
1281,HAS_CONNECTION_COMPONENT,100270,100243,1525176000,99999,1525176000,99999,TRUE,TRUE,2;3,200281,,,,,1,2
1282,HAS_CONNECTION_COMPONENT,100270,100252,1525176000,99999,1525176000,99999,TRUE,TRUE,2;3,200282,,,,,1,3
1283,HAS_CONNECTION_COMPONENT,100270,100121,1525176000,99999,1525176000,99999,TRUE,TRUE,2;3,200283,,,,TRUE,1,4
1284,HAS_CONNECTION_COMPONENT,100271,100061,1525176000,99999,1525176000,99999,TRUE,TRUE,2;3,200284,,,,TRUE,1,1
1285,HAS_CONNECTION_COMPONENT,100271,100246,1525176000,99999,1525176000,99999,TRUE,TRUE,2;3,200285,,,,,1,2
1286,HAS_CONNECTION_COMPONENT,100271,100249,1525176000,99999,1525176000,99999,TRUE,TRUE,2;3,200286,,,,,1,3
1287,HAS_CONNECTION_COMPONENT,100271,100091,1525176000,99999,1525176000,99999,TRUE,TRUE,2;3,200287,,,,TRUE,1,4
1288,HAS_CONNECTION_COMPONENT,100272,100063,1525176000,99999,1525176000,99999,TRUE,TRUE,2;3,200288,,,,TRUE,1,1
1289,HAS_CONNECTION_COMPONENT,100272,100247,1525176000,99999,1525176000,99999,TRUE,TRUE,2;3,200289,,,,,1,2
1290,HAS_CONNECTION_COMPONENT,100272,100253,1525176000,99999,1525176000,99999,TRUE,TRUE,2;3,200290,,,,,1,3
1291,HAS_CONNECTION_COMPONENT,100272,100123,1525176000,99999,1525176000,99999,TRUE,TRUE,2;3,200291,,,,TRUE,1,4
1292,HAS_CONNECTION_COMPONENT,100273,100095,1525176000,99999,1525176000,99999,TRUE,TRUE,2;3,200292,,,,TRUE,1,1
1293,HAS_CONNECTION_COMPONENT,100273,100251,1525176000,99999,1525176000,99999,TRUE,TRUE,2;3,200293,,,,,1,2
1294,HAS_CONNECTION_COMPONENT,100273,100254,1525176000,99999,1525176000,99999,TRUE,TRUE,2;3,200294,,,,,1,3
1295,HAS_CONNECTION_COMPONENT,100273,100125,1525176000,99999,1525176000,99999,TRUE,TRUE,2;3,200295,,,,TRUE,1,4
1296,HAS_CONNECTION_COMPONENT,100274,100155,1525176000,99999,1525176000,99999,TRUE,TRUE,2;3,200296,,,,TRUE,1,1
1297,HAS_CONNECTION_COMPONENT,100274,100257,1525176000,99999,1525176000,99999,TRUE,TRUE,2;3,200297,,,,,1,2
1298,HAS_CONNECTION_COMPONENT,100274,100286,1525176000,99999,1525176000,99999,TRUE,TRUE,2;3,200298,,,,,1,3
1299,HAS_CONNECTION_COMPONENT,100274,100282,1525176000,99999,1525176000,99999,TRUE,TRUE,2;3,200299,,,,TRUE,1,4
1300,HAS_CONNECTION_COMPONENT,100275,100183,1525176000,99999,1525176000,99999,TRUE,TRUE,2;3,200300,,,,TRUE,1,1
1301,HAS_CONNECTION_COMPONENT,100275,100259,1525176000,99999,1525176000,99999,TRUE,TRUE,2;3,200301,,,,,1,2
1302,HAS_CONNECTION_COMPONENT,100275,100287,1525176000,99999,1525176000,99999,TRUE,TRUE,2;3,200302,,,,,1,3
1303,HAS_CONNECTION_COMPONENT,100275,100283,1525176000,99999,1525176000,99999,TRUE,TRUE,2;3,200303,,,,TRUE,1,4
1304,HAS_CONNECTION_COMPONENT,100276,100210,1525176000,99999,1525176000,99999,TRUE,TRUE,2;3,200304,,,,TRUE,1,1
1305,HAS_CONNECTION_COMPONENT,100276,100261,1525176000,99999,1525176000,99999,TRUE,TRUE,2;3,200305,,,,,1,2
1306,HAS_CONNECTION_COMPONENT,100276,100288,1525176000,99999,1525176000,99999,TRUE,TRUE,2;3,200306,,,,,1,3
1307,HAS_CONNECTION_COMPONENT,100276,100284,1525176000,99999,1525176000,99999,TRUE,TRUE,2;3,200307,,,,TRUE,1,4
1308,HAS_CONNECTION_COMPONENT,100277,100263,1525176000,99999,1525176000,99999,TRUE,TRUE,2;3,200308,,,,TRUE,1,1
1309,HAS_CONNECTION_COMPONENT,100277,100289,1525176000,99999,1525176000,99999,TRUE,TRUE,2;3,200309,,,,,1,2
1310,HAS_CONNECTION_COMPONENT,100277,100238,1525176000,99999,1525176000,99999,TRUE,TRUE,2;3,200310,,,,,1,3
1311,HAS_CONNECTION_COMPONENT,100277,100285,1525176000,99999,1525176000,99999,TRUE,TRUE,2;3,200311,,,,TRUE,1,4
1312,HAS,100278,100282,1525176000,99999,1525176000,99999,TRUE,TRUE,2;3,200312,,,,,,
1313,HAS,100279,100283,1525176000,99999,1525176000,99999,TRUE,TRUE,2;3,200313,,,,,,
1314,HAS,100280,100284,1525176000,99999,1525176000,99999,TRUE,TRUE,2;3,200314,,,,,,
1315,HAS,100281,100285,1525176000,99999,1525176000,99999,TRUE,TRUE,2;3,200315,,,,,,
1316,PRESENTS,100282,100286,1525176000,99999,1525176000,99999,TRUE,TRUE,2;3,200316,,,,,,
1317,PRESENTS,100283,100287,1525176000,99999,1525176000,99999,TRUE,TRUE,2;3,200317,,,,,,
1318,PRESENTS,100284,100288,1525176000,99999,1525176000,99999,TRUE,TRUE,2;3,200318,,,,,,
1319,PRESENTS,100285,100289,1525176000,99999,1525176000,99999,TRUE,TRUE,2;3,200319,,,,,,
1320,HAS_LOGICAL,100282,100290,1525176000,99999,1525176000,99999,TRUE,TRUE,2;3,200320,,,,,,
1321,HAS_LOGICAL,100283,100291,1525176000,99999,1525176000,99999,TRUE,TRUE,2;3,200321,,,,,,
1322,HAS_LOGICAL,100284,100292,1525176000,99999,1525176000,99999,TRUE,TRUE,2;3,200322,,,,,,
1323,HAS_LOGICAL,100285,100293,1525176000,99999,1525176000,99999,TRUE,TRUE,2;3,200323,,,,,,
1324,PRESENTS,100290,100294,1525176000,99999,1525176000,99999,TRUE,TRUE,2;3,200324,,,,,,
1325,PRESENTS,100291,100295,1525176000,99999,1525176000,99999,TRUE,TRUE,2;3,200325,,,,,,
1326,PRESENTS,100292,100296,1525176000,99999,1525176000,99999,TRUE,TRUE,2;3,200326,,,,,,
1327,PRESENTS,100293,100297,1525176000,99999,1525176000,99999,TRUE,TRUE,2;3,200327,,,,,,
1328,HAS_LOGICAL,100025,100298,1525176000,99999,1525176000,99999,TRUE,TRUE,2;3,200328,,,,,,
1329,HAS_LOGICAL,100027,100299,1525176000,99999,1525176000,99999,TRUE,TRUE,2;3,200329,,,,,,
1330,HAS_LOGICAL,100029,100300,1525176000,99999,1525176000,99999,TRUE,TRUE,2;3,200330,,,,,,
1331,HAS_LOGICAL,100031,100301,1525176000,99999,1525176000,99999,TRUE,TRUE,2;3,200331,,,,,,
1332,HAS_LOGICAL,100057,100302,1525176000,99999,1525176000,99999,TRUE,TRUE,2;3,200332,,,,,,
1333,HAS_LOGICAL,100059,100303,1525176000,99999,1525176000,99999,TRUE,TRUE,2;3,200333,,,,,,
1334,HAS_LOGICAL,100061,100304,1525176000,99999,1525176000,99999,TRUE,TRUE,2;3,200334,,,,,,
1335,HAS_LOGICAL,100063,100305,1525176000,99999,1525176000,99999,TRUE,TRUE,2;3,200335,,,,,,
1336,HAS_LOGICAL,100089,100306,1525176000,99999,1525176000,99999,TRUE,TRUE,2;3,200336,,,,,,
1337,HAS_LOGICAL,100091,100307,1525176000,99999,1525176000,99999,TRUE,TRUE,2;3,200337,,,,,,
1338,HAS_LOGICAL,100093,100308,1525176000,99999,1525176000,99999,TRUE,TRUE,2;3,200338,,,,,,
1339,HAS_LOGICAL,100095,100309,1525176000,99999,1525176000,99999,TRUE,TRUE,2;3,200339,,,,,,
1340,HAS_LOGICAL,100121,100310,1525176000,99999,1525176000,99999,TRUE,TRUE,2;3,200340,,,,,,
1341,HAS_LOGICAL,100123,100311,1525176000,99999,1525176000,99999,TRUE,TRUE,2;3,200341,,,,,,
1342,HAS_LOGICAL,100125,100312,1525176000,99999,1525176000,99999,TRUE,TRUE,2;3,200342,,,,,,
1343,HAS_LOGICAL,100127,100313,1525176000,99999,1525176000,99999,TRUE,TRUE,2;3,200343,,,,,,
1344,HAS_LOGICAL,100153,100314,1525176000,99999,1525176000,99999,TRUE,TRUE,2;3,200344,,,,,,
1345,HAS_LOGICAL,100155,100315,1525176000,99999,1525176000,99999,TRUE,TRUE,2;3,200345,,,,,,
1346,HAS_LOGICAL,100181,100316,1525176000,99999,1525176000,99999,TRUE,TRUE,2;3,200346,,,,,,
1347,HAS_LOGICAL,100183,100317,1525176000,99999,1525176000,99999,TRUE,TRUE,2;3,200347,,,,,,
1348,HAS_LOGICAL,100209,100318,1525176000,99999,1525176000,99999,TRUE,TRUE,2;3,200348,,,,,,
1349,HAS_LOGICAL,100211,100319,1525176000,99999,1525176000,99999,TRUE,TRUE,2;3,200349,,,,,,
1350,HAS_LOGICAL,100237,100320,1525176000,99999,1525176000,99999,TRUE,TRUE,2;3,200350,,,,,,
1351,HAS_LOGICAL,100239,100321,1525176000,99999,1525176000,99999,TRUE,TRUE,2;3,200351,,,,,,
1352,DRAWN_FROM,100322,100240,1525176000,99999,1525176000,99999,TRUE,TRUE,2;3,200352,,,,,,
1353,DRAWN_FROM,100323,100241,1525176000,99999,1525176000,99999,TRUE,TRUE,2;3,200353,,,,,,
1354,DRAWN_FROM,100324,100242,1525176000,99999,1525176000,99999,TRUE,TRUE,2;3,200354,,,,,,
1355,DRAWN_FROM,100325,100243,1525176000,99999,1525176000,99999,TRUE,TRUE,2;3,200355,,,,,,
1356,DRAWN_FROM,100326,100244,1525176000,99999,1525176000,99999,TRUE,TRUE,2;3,200356,,,,,,
1357,DRAWN_FROM,100327,100245,1525176000,99999,1525176000,99999,TRUE,TRUE,2;3,200357,,,,,,
1358,DRAWN_FROM,100328,100246,1525176000,99999,1525176000,99999,TRUE,TRUE,2;3,200358,,,,,,
1359,DRAWN_FROM,100329,100247,1525176000,99999,1525176000,99999,TRUE,TRUE,2;3,200359,,,,,,
1360,DRAWN_FROM,100330,100248,1525176000,99999,1525176000,99999,TRUE,TRUE,2;3,200360,,,,,,
1361,DRAWN_FROM,100331,100249,1525176000,99999,1525176000,99999,TRUE,TRUE,2;3,200361,,,,,,
1362,DRAWN_FROM,100332,100250,1525176000,99999,1525176000,99999,TRUE,TRUE,2;3,200362,,,,,,
1363,DRAWN_FROM,100333,100251,1525176000,99999,1525176000,99999,TRUE,TRUE,2;3,200363,,,,,,
1364,DRAWN_FROM,100334,100252,1525176000,99999,1525176000,99999,TRUE,TRUE,2;3,200364,,,,,,
1365,DRAWN_FROM,100335,100253,1525176000,99999,1525176000,99999,TRUE,TRUE,2;3,200365,,,,,,
1366,DRAWN_FROM,100336,100254,1525176000,99999,1525176000,99999,TRUE,TRUE,2;3,200366,,,,,,
1367,DRAWN_FROM,100337,100255,1525176000,99999,1525176000,99999,TRUE,TRUE,2;3,200367,,,,,,
1368,DRAWN_FROM,100338,100256,1525176000,99999,1525176000,99999,TRUE,TRUE,2;3,200368,,,,,,
1369,DRAWN_FROM,100339,100257,1525176000,99999,1525176000,99999,TRUE,TRUE,2;3,200369,,,,,,
1370,DRAWN_FROM,100340,100258,1525176000,99999,1525176000,99999,TRUE,TRUE,2;3,200370,,,,,,
1371,DRAWN_FROM,100341,100259,1525176000,99999,1525176000,99999,TRUE,TRUE,2;3,200371,,,,,,
1372,DRAWN_FROM,100342,100260,1525176000,99999,1525176000,99999,TRUE,TRUE,2;3,200372,,,,,,
1373,DRAWN_FROM,100343,100261,1525176000,99999,1525176000,99999,TRUE,TRUE,2;3,200373,,,,,,
1374,DRAWN_FROM,100344,100262,1525176000,99999,1525176000,99999,TRUE,TRUE,2;3,200374,,,,,,
1375,DRAWN_FROM,100345,100263,1525176000,99999,1525176000,99999,TRUE,TRUE,2;3,200375,,,,,,
1376,DRAWN_FROM,100294,100286,1525176000,99999,1525176000,99999,TRUE,TRUE,2;3,200376,,,,,,
1377,DRAWN_FROM,100295,100287,1525176000,99999,1525176000,99999,TRUE,TRUE,2;3,200377,,,,,,
1378,DRAWN_FROM,100296,100288,1525176000,99999,1525176000,99999,TRUE,TRUE,2;3,200378,,,,,,
1379,DRAWN_FROM,100297,100289,1525176000,99999,1525176000,99999,TRUE,TRUE,2;3,200379,,,,,,
1380,HAS_LOGICAL,100298,100322,1525176000,99999,1525176000,99999,TRUE,TRUE,2;3,200380,,,,,,
1381,HAS_LOGICAL,100299,100323,1525176000,99999,1525176000,99999,TRUE,TRUE,2;3,200381,,,,,,
1382,HAS_LOGICAL,100300,100324,1525176000,99999,1525176000,99999,TRUE,TRUE,2;3,200382,,,,,,
1383,HAS_LOGICAL,100301,100325,1525176000,99999,1525176000,99999,TRUE,TRUE,2;3,200383,,,,,,
1384,HAS_LOGICAL,100302,100326,1525176000,99999,1525176000,99999,TRUE,TRUE,2;3,200384,,,,,,
1385,HAS_LOGICAL,100303,100327,1525176000,99999,1525176000,99999,TRUE,TRUE,2;3,200385,,,,,,
1386,HAS_LOGICAL,100304,100328,1525176000,99999,1525176000,99999,TRUE,TRUE,2;3,200386,,,,,,
1387,HAS_LOGICAL,100305,100329,1525176000,99999,1525176000,99999,TRUE,TRUE,2;3,200387,,,,,,
1388,HAS_LOGICAL,100306,100330,1525176000,99999,1525176000,99999,TRUE,TRUE,2;3,200388,,,,,,
1389,HAS_LOGICAL,100307,100331,1525176000,99999,1525176000,99999,TRUE,TRUE,2;3,200389,,,,,,
1390,HAS_LOGICAL,100308,100332,1525176000,99999,1525176000,99999,TRUE,TRUE,2;3,200390,,,,,,
1391,HAS_LOGICAL,100309,100333,1525176000,99999,1525176000,99999,TRUE,TRUE,2;3,200391,,,,,,
1392,HAS_LOGICAL,100310,100334,1525176000,99999,1525176000,99999,TRUE,TRUE,2;3,200392,,,,,,
1393,HAS_LOGICAL,100311,100335,1525176000,99999,1525176000,99999,TRUE,TRUE,2;3,200393,,,,,,
1394,HAS_LOGICAL,100312,100336,1525176000,99999,1525176000,99999,TRUE,TRUE,2;3,200394,,,,,,
1395,HAS_LOGICAL,100313,100337,1525176000,99999,1525176000,99999,TRUE,TRUE,2;3,200395,,,,,,
1396,HAS_LOGICAL,100314,100338,1525176000,99999,1525176000,99999,TRUE,TRUE,2;3,200396,,,,,,
1397,HAS_LOGICAL,100315,100339,1525176000,99999,1525176000,99999,TRUE,TRUE,2;3,200397,,,,,,
1398,HAS_LOGICAL,100316,100340,1525176000,99999,1525176000,99999,TRUE,TRUE,2;3,200398,,,,,,
1399,HAS_LOGICAL,100317,100341,1525176000,99999,1525176000,99999,TRUE,TRUE,2;3,200399,,,,,,
1400,HAS_LOGICAL,100318,100342,1525176000,99999,1525176000,99999,TRUE,TRUE,2;3,200400,,,,,,
1401,HAS_LOGICAL,100319,100343,1525176000,99999,1525176000,99999,TRUE,TRUE,2;3,200401,,,,,,
1402,HAS_LOGICAL,100320,100344,1525176000,99999,1525176000,99999,TRUE,TRUE,2;3,200402,,,,,,
1403,HAS_LOGICAL,100321,100345,1525176000,99999,1525176000,99999,TRUE,TRUE,2;3,200403,,,,,,
1404,HAS_CONNECTION_COMPONENT,100346,100290,1525176000,99999,1525176000,99999,TRUE,TRUE,2;3,200404,,,,TRUE,1,1
1405,HAS_CONNECTION_COMPONENT,100346,100294,1525176000,99999,1525176000,99999,TRUE,TRUE,2;3,200405,,,,,1,2
1406,HAS_CONNECTION_COMPONENT,100346,100274,1525176000,99999,1525176000,99999,TRUE,TRUE,2;3,200406,,,,,1,3
1407,HAS_CONNECTION_COMPONENT,100346,100339,1525176000,99999,1525176000,99999,TRUE,TRUE,2;3,200407,,,,,1,4
1408,HAS_CONNECTION_COMPONENT,100346,100338,1525176000,99999,1525176000,99999,TRUE,TRUE,2;3,200408,,,,,1,5
1409,HAS_CONNECTION_COMPONENT,100346,100264,1525176000,99999,1525176000,99999,TRUE,TRUE,2;3,200409,,,,,1,6
1410,HAS_CONNECTION_COMPONENT,100346,100322,1525176000,99999,1525176000,99999,TRUE,TRUE,2;3,200410,,,,,1,7
1411,HAS_CONNECTION_COMPONENT,100346,100323,1525176000,99999,1525176000,99999,TRUE,TRUE,2;3,200411,,,,,1,8
1412,HAS_CONNECTION_COMPONENT,100346,100268,1525176000,99999,1525176000,99999,TRUE,TRUE,2;3,200412,,,,,1,9
1413,HAS_CONNECTION_COMPONENT,100346,100326,1525176000,99999,1525176000,99999,TRUE,TRUE,2;3,200413,,,,,1,10
1414,HAS_CONNECTION_COMPONENT,100346,100327,1525176000,99999,1525176000,99999,TRUE,TRUE,2;3,200414,,,,,1,11
1415,HAS_CONNECTION_COMPONENT,100346,100265,1525176000,99999,1525176000,99999,TRUE,TRUE,2;3,200415,,,,,1,12
1416,HAS_CONNECTION_COMPONENT,100346,100340,1525176000,99999,1525176000,99999,TRUE,TRUE,2;3,200416,,,,,1,13
1417,HAS_CONNECTION_COMPONENT,100346,100341,1525176000,99999,1525176000,99999,TRUE,TRUE,2;3,200417,,,,,1,14
1418,HAS_CONNECTION_COMPONENT,100346,100275,1525176000,99999,1525176000,99999,TRUE,TRUE,2;3,200418,,,,,1,15
1419,HAS_CONNECTION_COMPONENT,100346,100295,1525176000,99999,1525176000,99999,TRUE,TRUE,2;3,200419,,,,,1,16
1420,HAS_CONNECTION_COMPONENT,100346,100291,1525176000,99999,1525176000,99999,TRUE,TRUE,2;3,200420,,,,TRUE,1,17
1421,HAS_CONNECTION_COMPONENT,100347,100292,1525176000,99999,1525176000,99999,TRUE,TRUE,2;3,200421,,,,TRUE,1,1
1422,HAS_CONNECTION_COMPONENT,,100296,1525176000,99999,1525176000,99999,TRUE,TRUE,2;3,200422,,,,,1,2
1423,HAS_CONNECTION_COMPONENT,,100276,1525176000,99999,1525176000,99999,TRUE,TRUE,2;3,200423,,,,,1,3
1424,HAS_CONNECTION_COMPONENT,,100343,1525176000,99999,1525176000,99999,TRUE,TRUE,2;3,200424,,,,,1,4
1425,HAS_CONNECTION_COMPONENT,,100342,1525176000,99999,1525176000,99999,TRUE,TRUE,2;3,200425,,,,,1,5
1426,HAS_CONNECTION_COMPONENT,,100266,1525176000,99999,1525176000,99999,TRUE,TRUE,2;3,200426,,,,,1,6
1427,HAS_CONNECTION_COMPONENT,,100332,1525176000,99999,1525176000,99999,TRUE,TRUE,2;3,200427,,,,,1,7
1428,HAS_CONNECTION_COMPONENT,,100333,1525176000,99999,1525176000,99999,TRUE,TRUE,2;3,200428,,,,,1,8
1429,HAS_CONNECTION_COMPONENT,,100273,1525176000,99999,1525176000,99999,TRUE,TRUE,2;3,200429,,,,,1,9
1430,HAS_CONNECTION_COMPONENT,,100336,1525176000,99999,1525176000,99999,TRUE,TRUE,2;3,200430,,,,,1,10
1431,HAS_CONNECTION_COMPONENT,,100337,1525176000,99999,1525176000,99999,TRUE,TRUE,2;3,200431,,,,,1,11
1432,HAS_CONNECTION_COMPONENT,,100267,1525176000,99999,1525176000,99999,TRUE,TRUE,2;3,200432,,,,,1,12
1433,HAS_CONNECTION_COMPONENT,,100344,1525176000,99999,1525176000,99999,TRUE,TRUE,2;3,200433,,,,,1,13
1434,HAS_CONNECTION_COMPONENT,,100345,1525176000,99999,1525176000,99999,TRUE,TRUE,2;3,200434,,,,,1,14
1435,HAS_CONNECTION_COMPONENT,,100277,1525176000,99999,1525176000,99999,TRUE,TRUE,2;3,200435,,,,,1,15
1436,HAS_CONNECTION_COMPONENT,,100297,1525176000,99999,1525176000,99999,TRUE,TRUE,2;3,200436,,,,,1,16
1437,HAS_CONNECTION_COMPONENT,,100293,1525176000,99999,1525176000,99999,TRUE,TRUE,2;3,200437,,,,TRUE,1,17
